City_ID,City,Country,Lat,Lng,Max Temp,Humidity,Cloudiness,Wind Speed,Current Description
0,Bambous Virieux,MU,-20.3428,57.7575,72.21,88,40,5.75,light rain
1,Karratha,AU,-20.7377,116.8463,78.1,44,0,15.14,clear sky
2,Ponta Do Sol,PT,32.6667,-17.1,73.0,84,76,5.08,broken clouds
3,Taoudenni,ML,22.6783,-3.9836,83.16,13,100,14.38,overcast clouds
4,Pisco,PE,-13.7,-76.2167,62.65,77,0,13.8,clear sky
5,Mar Del Plata,AR,-38.0023,-57.5575,54.09,84,75,18.41,light rain
6,Graham,US,47.0529,-122.2943,48.36,91,20,6.91,light intensity drizzle
7,Repnoye,RU,51.5921,43.1861,39.18,69,89,7.29,overcast clouds
8,Nizwa,OM,22.9333,57.5333,72.01,26,0,1.72,clear sky
9,Punta Arenas,CL,-53.15,-70.9167,48.31,46,0,32.21,clear sky
10,Bluff,NZ,-46.6,168.3333,56.8,64,28,11.86,scattered clouds
11,Puerto Ayora,EC,-0.7393,-90.3518,67.55,91,79,7.0,broken clouds
12,Chokurdakh,RU,70.6333,147.9167,11.77,95,100,11.05,overcast clouds
13,East London,ZA,-33.0153,27.9116,68.32,87,100,8.5,light rain
14,Rikitea,PF,-23.1203,-134.9692,70.7,74,1,23.38,clear sky
15,Ketchikan,US,55.3422,-131.6461,52.27,62,40,12.66,scattered clouds
16,Albany,US,42.6001,-73.9662,52.45,56,3,3.74,clear sky
17,Hobart,AU,-42.8794,147.3294,64.26,94,75,6.91,light rain
18,Nanortalik,GL,60.1432,-45.2371,41.04,88,100,15.14,overcast clouds
19,Qaanaaq,GL,77.484,-69.3632,-0.87,61,9,8.12,clear sky
20,Caravelas,BR,-17.7125,-39.2481,75.33,79,50,11.1,scattered clouds
21,Bonavista,CA,48.6499,-53.1147,51.87,75,100,12.03,overcast clouds
22,Le Port,RE,-20.9373,55.2919,71.56,71,15,4.21,few clouds
23,Tasiilaq,GL,65.6145,-37.6368,27.45,94,100,5.41,overcast clouds
24,Smithers,CA,54.7804,-127.1743,46.72,57,75,0.0,broken clouds
25,Ilulissat,GL,69.2167,-51.1,42.82,65,75,10.36,broken clouds
26,Neiafu,TO,-18.65,-173.9833,81.28,83,75,5.75,broken clouds
27,Ribeira Grande,PT,38.5167,-28.7,67.77,72,99,1.99,overcast clouds
28,Berbera,SO,10.4396,45.0143,81.81,71,1,7.45,clear sky
29,Sistranda,NO,63.7256,8.834,40.96,67,14,11.56,few clouds
30,Hermanus,ZA,-34.4187,19.2345,51.8,82,76,10.69,broken clouds
31,Ostrovnoy,RU,68.0531,39.5131,28.78,88,100,9.89,overcast clouds
32,Tiksi,RU,71.6872,128.8694,13.17,95,94,5.48,overcast clouds
33,De-Kastri,RU,51.4667,140.7833,37.04,48,37,7.23,scattered clouds
34,Busselton,AU,-33.65,115.3333,58.64,69,67,9.64,broken clouds
35,Porto Torres,IT,40.835,8.3972,71.78,56,32,8.77,scattered clouds
36,Sitka,US,57.0531,-135.33,44.49,76,75,8.05,moderate rain
37,Myitkyina,MM,25.3833,97.4,69.67,80,5,2.8,clear sky
38,New Norfolk,AU,-42.7826,147.0587,63.9,90,100,0.69,light rain
39,Jiwani,PK,25.05,61.7417,78.12,75,0,9.73,clear sky
40,Thompson,CA,55.7435,-97.8558,37.56,65,100,14.97,light snow
41,Valdivia,CL,-39.8142,-73.2459,59.09,82,0,1.34,clear sky
42,Castro,BR,-24.7911,-50.0119,59.63,95,38,4.76,scattered clouds
43,Iqaluit,CA,63.7506,-68.5145,35.33,87,75,23.02,light rain
44,Jamestown,US,42.097,-79.2353,58.59,27,0,10.36,clear sky
45,Tomatlan,MX,19.9333,-105.25,79.02,89,86,2.68,light rain
46,Hambantota,LK,6.1241,81.1185,77.36,81,100,7.7,overcast clouds
47,Todos Santos,MX,23.45,-110.2167,89.31,80,42,6.2,scattered clouds
48,Balkanabat,TM,39.5108,54.3671,62.28,65,79,11.39,broken clouds
49,Hami,CN,42.8,93.45,45.95,39,0,4.54,clear sky
50,Cidreira,BR,-30.1811,-50.2056,64.42,96,97,10.58,overcast clouds
51,Saldanha,ZA,-33.0117,17.9442,59.61,76,15,17.85,few clouds
52,Ushuaia,AR,-54.8,-68.3,47.86,46,40,4.61,scattered clouds
53,Talnakh,RU,69.4865,88.3972,34.21,97,100,16.22,light snow
54,Sao Joao Da Barra,BR,-21.6403,-41.0511,77.09,87,80,19.55,broken clouds
55,Yellowknife,CA,62.456,-114.3525,30.72,69,75,9.22,broken clouds
56,Hilo,US,19.7297,-155.09,90.28,83,100,11.5,overcast clouds
57,Tuktoyaktuk,CA,69.4541,-133.0374,21.2,86,75,6.91,broken clouds
58,Torbay,CA,47.6666,-52.7314,51.58,86,75,9.22,broken clouds
59,Nikolskoye,RU,59.7035,30.7861,42.69,95,94,3.2,overcast clouds
60,Bilibino,RU,68.0546,166.4372,13.8,93,100,3.0,light snow
61,Hervey Bay,AU,-25.2986,152.8535,69.03,96,100,11.01,moderate rain
62,Cherskiy,RU,68.75,161.3,13.48,95,100,6.4,overcast clouds
63,Carnarvon,AU,-24.8667,113.6333,68.83,68,7,13.58,clear sky
64,Mount Isa,AU,-20.7333,139.5,84.7,20,0,4.36,clear sky
65,Cape Town,ZA,-33.9258,18.4232,65.37,65,0,25.32,clear sky
66,Lebu,CL,-37.6167,-73.65,49.06,79,0,16.04,clear sky
67,Arraial Do Cabo,BR,-22.9661,-42.0278,72.23,93,100,24.85,overcast clouds
68,College,US,64.8569,-147.8028,35.55,93,100,6.91,light snow
69,Oriximina,BR,-1.7656,-55.8661,83.17,57,29,1.5,scattered clouds
70,Victoria,HK,22.2855,114.1577,76.95,83,97,1.01,overcast clouds
71,Fortuna,US,40.5982,-124.1573,64.92,68,100,9.22,overcast clouds
72,Simbahan,PH,6.3032,120.5836,83.26,73,91,4.59,overcast clouds
73,Avarua,CK,-21.2078,-159.775,80.65,78,75,10.36,broken clouds
74,Jales,BR,-20.2689,-50.5458,73.44,73,99,7.29,overcast clouds
75,Atuona,PF,-9.8,-139.0333,76.64,67,22,15.52,few clouds
76,Cairns,AU,-16.9167,145.7667,87.12,65,1,1.14,clear sky
77,Lompoc,US,34.6391,-120.4579,74.01,80,100,11.5,mist
78,Mataura,NZ,-46.1927,168.8643,56.48,32,17,3.31,few clouds
79,Cambara,BR,-23.0464,-50.0736,69.33,90,58,4.38,broken clouds
80,Leningradskiy,RU,69.3833,178.4167,29.23,98,99,4.52,light snow
81,Stokmarknes,NO,68.5646,14.9108,44.58,81,75,11.5,broken clouds
82,Mahebourg,MU,-20.4081,57.7,72.25,88,40,5.75,scattered clouds
83,Canoinhas,BR,-26.1772,-50.39,57.04,95,5,2.84,clear sky
84,Saint-Augustin,CA,51.226,-58.6502,45.34,76,14,11.68,few clouds
85,Vaini,TO,-21.2,-175.2,77.16,78,75,12.66,broken clouds
86,Pecos,US,31.4229,-103.4932,85.3,23,0,9.22,clear sky
87,Alvorada,BR,-12.48,-49.1247,82.83,53,60,6.24,broken clouds
88,Narasannapeta,IN,18.4167,84.05,71.83,73,4,6.69,clear sky
89,Tuatapere,NZ,-46.1333,167.6833,58.46,48,14,3.15,few clouds
90,Marawi,PH,7.9986,124.2928,76.24,78,98,0.45,overcast clouds
91,Bredasdorp,ZA,-34.5322,20.0403,54.05,87,83,4.29,broken clouds
92,Pangnirtung,CA,66.1451,-65.7125,31.8,94,100,9.01,light snow
93,Naze,JP,28.3667,129.4833,76.12,85,100,16.08,overcast clouds
94,Kushiro,JP,42.975,144.3747,61.75,77,40,5.75,scattered clouds
95,Klaksvik,FO,62.2266,-6.589,43.72,75,100,18.45,overcast clouds
96,Upernavik,GL,72.7868,-56.1549,25.43,88,100,5.23,light snow
97,Presevo,RS,42.3092,21.6492,39.6,73,47,4.12,scattered clouds
98,Mushie,CD,-3.0167,16.9,71.78,92,95,3.11,light rain
99,Presidente Epitacio,BR,-21.7633,-52.1156,72.18,81,58,7.4,broken clouds
100,Benguela,AO,-12.5763,13.4055,74.55,84,49,6.55,scattered clouds
101,Severo-Kurilsk,RU,50.6789,156.125,40.59,72,90,8.37,overcast clouds
102,Touros,BR,-5.1989,-35.4608,77.85,80,10,16.42,clear sky
103,Dongsheng,CN,39.8161,109.9776,41.0,34,0,3.6,clear sky
104,Banikoara,BJ,11.2985,2.4386,76.64,54,43,4.74,scattered clouds
105,Bethel,US,41.3712,-73.414,54.48,66,0,1.01,clear sky
106,Port Alfred,ZA,-33.5906,26.891,67.98,91,100,11.41,moderate rain
107,Ola,RU,59.5833,151.2833,16.14,60,44,10.4,scattered clouds
108,Praia,CV,14.9215,-23.5087,77.54,83,20,6.91,few clouds
109,Marquette,US,46.5333,-87.6335,47.64,82,46,4.41,scattered clouds
110,Tokur,RU,53.1333,132.9,25.34,50,17,2.44,few clouds
111,Souillac,MU,-20.5167,57.5167,71.98,88,40,5.75,scattered clouds
112,Georgetown,MY,5.4112,100.3354,78.75,90,40,5.75,light rain
113,Norman Wells,CA,65.282,-126.8329,26.64,86,100,4.61,light snow
114,Warri,NG,5.5167,5.75,75.09,94,72,3.6,broken clouds
115,Acapulco,MX,16.8634,-99.8901,78.08,85,99,3.2,overcast clouds
116,Oeiras,BR,-7.0253,-42.1311,87.1,28,94,3.51,overcast clouds
117,Mattru,SL,7.6244,-11.8332,73.96,95,51,2.37,broken clouds
118,Meadow Lake,US,34.8014,-106.5436,73.47,29,2,17.47,clear sky
119,Novopavlovsk,RU,43.9622,43.6342,47.61,72,51,4.83,broken clouds
120,Kapaa,US,22.0752,-159.319,87.78,69,75,14.97,broken clouds
121,Mishan,CN,45.55,131.8833,41.88,53,83,13.53,broken clouds
122,Pilar,BR,-9.5972,-35.9567,73.33,89,27,6.13,scattered clouds
123,Longyearbyen,SJ,78.2186,15.6401,22.84,68,20,20.71,few clouds
124,Jalu,LY,29.0331,21.5482,67.19,54,0,8.63,clear sky
125,Antsohihy,MG,-14.8796,47.9875,69.26,67,28,4.76,scattered clouds
126,Vila,PT,42.0304,-8.1588,50.88,93,87,7.27,overcast clouds
127,Nishihara,JP,26.1842,127.7558,78.08,97,75,6.91,light intensity shower rain
128,Rocha,UY,-34.4833,-54.3333,55.15,99,42,4.74,scattered clouds
129,Ormara,PK,25.2088,64.6357,78.6,67,0,4.74,clear sky
130,Airai,TL,-8.9266,125.4092,72.18,55,89,0.49,overcast clouds
131,San Quintin,MX,30.4833,-115.95,70.75,72,13,5.88,few clouds
132,Kargat,RU,55.1956,80.2811,44.92,73,98,12.53,overcast clouds
133,Yago,MX,21.8333,-105.0667,81.7,83,74,4.21,broken clouds
134,Sao Filipe,CV,14.8961,-24.4956,78.67,79,11,2.55,few clouds
135,Znamenskoye,RU,57.1281,73.8282,38.32,86,96,5.86,overcast clouds
136,Hithadhoo,MV,-0.6,73.0833,81.05,76,99,8.79,overcast clouds
137,Buraydah,SA,26.326,43.975,68.45,15,0,9.48,clear sky
138,Khatanga,RU,71.9667,102.5,3.07,97,87,3.44,overcast clouds
139,Narsaq,GL,60.9167,-46.05,38.19,97,100,8.19,light rain
140,Loukhi,RU,66.0764,33.0381,29.64,67,96,5.93,overcast clouds
141,San Andres,CO,12.5847,-81.7006,84.22,70,40,9.22,scattered clouds
142,Namibe,AO,-15.1961,12.1522,66.81,87,28,6.2,scattered clouds
143,Esperance,AU,-33.8667,121.9,57.04,71,100,5.23,light rain
144,Hauterive,FR,46.0901,3.4459,59.76,92,100,6.11,overcast clouds
145,Vostok,RU,46.4856,135.8833,37.27,98,100,3.22,overcast clouds
146,Hua Hin,TH,12.5707,99.9588,80.89,99,75,2.3,moderate rain
147,Paamiut,GL,61.994,-49.6678,40.86,87,100,35.72,light rain
148,Tahta,EG,26.7693,31.5021,70.5,45,0,7.09,clear sky
149,Plouzane,FR,48.3833,-4.6167,57.52,100,100,11.5,overcast clouds
150,Buala,SB,-8.145,159.5921,83.97,77,88,8.81,moderate rain
151,Shingu,JP,33.7333,135.9833,70.34,66,100,2.59,overcast clouds
152,Riyadh,SA,24.6877,46.7219,71.74,17,0,5.23,clear sky
153,Dhangadhi,NP,28.7079,80.5961,65.34,68,0,2.84,clear sky
154,Sao Felix Do Xingu,BR,-6.6447,-51.995,80.38,58,98,1.12,overcast clouds
155,Saskylakh,RU,71.9167,114.0833,13.98,94,100,4.43,overcast clouds
156,Santa Cruz,BO,-17.8,-63.1667,80.65,50,75,2.3,broken clouds
157,Butaritari,KI,3.0707,172.7902,81.27,73,18,14.54,few clouds
158,Evensk,RU,61.95,159.2333,14.95,73,78,7.92,broken clouds
159,Kaitangata,NZ,-46.2817,169.8464,59.79,40,12,0.69,few clouds
160,Kyabe,TD,9.4515,18.9449,71.11,96,97,3.8,overcast clouds
161,Adrar,MR,20.5022,-10.0711,82.18,13,89,10.04,overcast clouds
162,Umm Lajj,SA,25.0213,37.2685,80.22,60,0,6.93,clear sky
163,Flinders,AU,-34.5833,150.8552,75.18,81,92,5.01,overcast clouds
164,Havoysund,NO,70.9963,24.6622,39.43,94,100,22.26,light rain
165,Axim,GH,4.8699,-2.2405,76.57,90,50,5.26,light rain
166,Lata,PT,40.1629,-8.3327,60.08,94,34,5.84,scattered clouds
167,Katsuura,JP,35.1333,140.3,72.75,66,100,17.02,overcast clouds
168,Rantepao,ID,-2.9701,119.8978,73.63,86,64,0.31,light rain
169,Dunedin,NZ,-45.8742,170.5036,56.84,51,4,5.59,clear sky
170,Niquelandia,BR,-14.4739,-48.4597,78.73,59,100,3.22,overcast clouds
171,Lodwar,KE,3.1191,35.5973,82.44,37,47,16.44,scattered clouds
172,Emporia,US,38.4039,-96.1817,76.89,22,74,11.74,broken clouds
173,Bocaiuva,BR,-17.1078,-43.815,78.51,64,91,6.64,overcast clouds
174,Aripuana,BR,-9.1667,-60.6333,73.02,94,91,1.59,light rain
175,Abonnema,NG,4.7084,6.7931,75.63,90,56,4.0,light rain
176,Aquiraz,BR,-3.9014,-38.3911,80.69,80,39,13.62,scattered clouds
177,Aranos,NA,-24.1333,19.1167,75.27,42,100,9.55,overcast clouds
178,Goroka,PG,-6.0834,145.3873,66.43,91,100,1.36,overcast clouds
179,Shubarshi,KZ,48.5872,57.1869,48.33,77,100,14.32,light rain
180,Jatai,BR,-17.8814,-51.7144,68.0,90,100,4.74,overcast clouds
181,Severo-Yeniseyskiy,RU,60.3725,93.0408,33.06,91,100,8.55,overcast clouds
182,Tessalit,ML,20.1986,1.0114,77.74,19,82,7.87,broken clouds
183,Provideniya,RU,64.3833,-173.3,35.29,92,89,6.96,overcast clouds
184,Hamilton,US,39.1834,-84.5333,63.43,40,59,7.45,broken clouds
185,Oyem,GA,1.5995,11.5793,65.62,99,74,1.79,broken clouds
186,Berlevag,NO,70.8578,29.0864,33.8,80,100,3.44,overcast clouds
187,Mareeba,AU,-17.0,145.4333,82.49,41,0,4.36,clear sky
188,Kosh-Agach,RU,50.0,88.6667,27.0,76,38,2.24,scattered clouds
189,Ambon,ID,-3.6954,128.1814,84.34,79,20,3.44,few clouds
190,Codrington,AU,-38.2667,141.9667,61.61,81,96,10.4,overcast clouds
191,Boende,CD,-0.2167,20.8667,69.6,99,66,2.21,broken clouds
192,Petropavlovsk-Kamchatskiy,RU,53.0452,158.6483,37.99,60,20,4.47,few clouds
193,Cosmesti,RO,45.8702,27.3112,43.88,57,36,13.47,scattered clouds
194,Kyren,RU,51.6828,102.1408,30.7,74,30,1.79,scattered clouds
195,Amapa,BR,1.0,-52.0,80.82,66,83,7.14,broken clouds
196,Tongliao,CN,43.6125,122.2653,44.22,64,50,6.2,scattered clouds
197,Muros,ES,42.7762,-9.0603,63.09,88,75,23.24,broken clouds
198,Chuy,UY,-33.6971,-53.4616,57.25,96,45,6.53,scattered clouds
199,Dikson,RU,73.5069,80.5464,32.16,93,100,13.62,overcast clouds
200,Barrow,US,71.2906,-156.7887,26.62,93,100,26.46,light snow
201,Manica,FR,49.0,-1.1667,56.77,90,84,9.71,broken clouds
202,Quatre Cocos,MU,-20.2078,57.7625,72.09,80,76,10.18,light rain
203,Pevek,RU,69.7008,170.3133,20.55,97,98,1.34,overcast clouds
204,Iskateley,RU,67.6803,53.1512,34.43,77,99,18.5,light snow
205,Najran,SA,17.4924,44.1277,63.25,21,0,3.33,clear sky
206,Port Macquarie,AU,-31.4333,152.9167,66.88,77,100,17.67,moderate rain
207,Manaure,CO,11.7751,-72.4445,83.21,76,45,11.9,scattered clouds
208,Horasan,TR,40.0458,42.1728,40.01,75,98,2.95,overcast clouds
209,Gazanjyk,TM,39.2446,55.5154,60.69,82,57,7.2,broken clouds
210,Oistins,BB,13.0667,-59.5333,80.69,83,20,10.36,few clouds
211,Cayenne,GF,4.9333,-52.3333,77.04,94,0,1.14,clear sky
212,Marsabit,KE,2.3284,37.9899,63.25,61,77,19.77,broken clouds
213,Alexandria,EG,31.2156,29.9553,68.54,64,65,8.86,broken clouds
214,Ipora,BR,-16.4419,-51.1178,70.57,81,100,0.2,overcast clouds
215,Bilma,NE,18.6853,12.9164,73.8,23,0,9.78,clear sky
216,Port Lincoln,AU,-34.7333,135.8667,63.86,62,77,6.44,broken clouds
217,Zhigansk,RU,66.7697,123.3711,6.91,96,53,4.5,broken clouds
218,Sao Miguel Do Araguaia,BR,-13.275,-50.1628,78.3,67,98,3.98,overcast clouds
219,Port Elizabeth,ZA,-33.918,25.5701,61.09,94,75,6.91,broken clouds
220,Moranbah,AU,-22.0016,148.0466,77.59,56,0,4.32,clear sky
221,Aykhal,RU,66.0,111.5,16.45,98,94,12.24,overcast clouds
222,Loandjili,CG,-4.7561,11.8578,76.53,87,84,4.99,broken clouds
223,Vestmannaeyjar,IS,63.4427,-20.2734,40.41,66,73,5.39,broken clouds
224,Castro-Urdiales,ES,43.3829,-3.2204,70.23,57,51,12.84,broken clouds
225,Lavrentiya,RU,65.5833,-171.0,34.21,94,93,4.18,overcast clouds
226,Payson,US,40.0444,-111.7321,72.59,16,54,5.99,broken clouds
227,Miedzyrzec Podlaski,PL,51.9864,22.7825,46.24,56,100,7.58,light rain
228,Eyl,SO,7.9803,49.8164,77.29,85,49,5.61,scattered clouds
229,Mountain Home,US,43.133,-115.6912,69.28,30,100,12.66,overcast clouds
230,Were Ilu,ET,10.6,39.4333,46.63,75,9,6.24,clear sky
231,Kolokani,ML,13.5728,-8.0339,82.11,35,77,5.35,broken clouds
232,Magole,TZ,-6.3667,37.3667,65.48,79,30,2.84,scattered clouds
233,Warrnambool,AU,-38.3833,142.4833,59.85,88,100,10.74,overcast clouds
234,Barranca,PE,-10.75,-77.7667,60.73,82,38,8.46,scattered clouds
235,Taltal,CL,-25.4,-70.4833,59.97,72,23,5.14,few clouds
236,Derzhavinsk,KZ,51.1,66.3167,50.94,50,100,6.22,moderate rain
237,Gejiu,CN,23.306,103.1635,51.93,93,6,2.75,clear sky
238,Takhtamygda,RU,54.1,123.5667,28.72,73,92,3.49,overcast clouds
239,Marsh Harbour,BS,26.5412,-77.0636,76.98,78,43,7.43,scattered clouds
240,Black River,JM,18.0264,-77.8487,79.12,82,69,2.91,broken clouds
241,Grand Gaube,MU,-20.0064,57.6608,72.37,79,76,5.01,broken clouds
242,Atasu,KZ,48.6814,71.6433,45.07,43,22,9.46,few clouds
243,Guayaramerin,BO,-10.8368,-65.3614,76.05,91,99,2.57,overcast clouds
244,Fort Nelson,CA,58.8053,-122.7002,42.39,86,100,8.05,light rain
245,Wilmington,US,34.2257,-77.9447,63.91,71,28,1.01,scattered clouds
246,Faanui,PF,-16.4833,-151.75,79.74,75,9,14.29,clear sky
247,Zaozerne,UA,45.1582,33.2787,49.12,61,6,5.44,clear sky
248,Xining,CN,36.6167,101.7667,42.71,64,100,3.44,overcast clouds
249,Marzuq,YE,14.4,46.4667,65.61,65,1,1.86,clear sky
250,Leh,IN,34.1667,77.5833,27.1,51,6,3.53,clear sky
251,El Dorado,US,38.7666,-120.5177,77.41,29,3,8.7,clear sky
252,Kavieng,PG,-2.5744,150.7967,83.64,68,100,8.9,overcast clouds
253,Lagoa,PT,39.05,-27.9833,64.35,65,100,28.32,overcast clouds
254,San Javier,ES,37.8063,-0.8374,70.12,85,100,3.0,overcast clouds
255,Mirnyy,RU,62.5353,113.9611,24.37,91,100,3.89,overcast clouds
256,Limbang,MY,4.75,115.0,78.91,91,85,1.45,overcast clouds
257,Merauke,ID,-8.4667,140.3333,84.69,71,68,0.87,broken clouds
258,Manokwari,ID,-0.8667,134.0833,81.95,72,100,4.36,overcast clouds
259,Ensley,US,30.5188,-87.2728,66.6,69,0,5.19,clear sky
260,Komsomolskiy,UZ,40.4272,71.7189,47.12,76,6,9.22,clear sky
261,Vuktyl,RU,63.8567,57.3094,32.9,97,100,14.99,light snow
262,La Palma,US,33.8464,-118.0467,84.9,73,0,5.99,clear sky
263,Laguna,US,38.421,-121.4238,85.95,35,0,8.05,clear sky
264,Elizabeth City,US,36.2946,-76.2511,57.22,81,0,5.5,clear sky
265,Comodoro Rivadavia,AR,-45.8667,-67.5,62.46,15,0,5.75,clear sky
266,Santo Antonio Do Sudoeste,BR,-26.0736,-53.7253,58.21,98,27,3.2,scattered clouds
267,Bousso,TD,10.4795,16.7117,75.6,79,60,5.41,broken clouds
268,Tehachapi,US,35.1322,-118.449,80.44,21,0,13.0,clear sky
269,Carberry,CA,49.8689,-99.3602,49.89,50,100,12.5,overcast clouds
270,Lyngseidet,NO,69.5763,20.2189,37.4,95,100,8.3,overcast clouds
271,Tevaitoa,PF,-16.7833,-151.5,79.61,75,8,14.83,clear sky
272,Vardo,NO,70.3705,31.1107,33.78,86,100,9.22,overcast clouds
273,Kpandae,GH,8.4689,-0.0113,76.53,74,37,4.63,scattered clouds
274,Angoche,MZ,-16.2325,39.9086,71.64,86,0,7.49,clear sky
275,Nanfeng,CN,23.7434,111.7959,74.75,45,9,2.33,clear sky
276,Asau,RO,46.4333,26.4,46.08,46,81,5.82,broken clouds
277,Kulhudhuffushi,MV,6.6221,73.07,77.49,87,100,3.78,overcast clouds
278,Suez,EG,29.9737,32.5263,66.49,84,0,8.7,clear sky
279,The Valley,AI,18.217,-63.0578,83.1,78,20,9.22,few clouds
280,Mount Gambier,AU,-37.8333,140.7667,62.51,77,75,5.75,broken clouds
281,Kristinehamn,SE,59.3098,14.1081,41.58,95,47,7.99,scattered clouds
282,Shaunavon,CA,49.6501,-108.4181,41.04,75,100,2.48,overcast clouds
283,Kastamonu,TR,41.5,33.6667,34.84,93,0,1.45,clear sky
284,Smoky Lake,CA,54.1169,-112.4686,42.35,66,100,7.92,overcast clouds
285,Shaowu,CN,27.3409,117.4831,70.16,47,76,1.16,broken clouds
286,Abbeville,FR,50.1,1.8333,60.26,71,61,14.32,broken clouds
287,Saint George,US,37.1041,-113.5841,81.19,18,0,9.22,clear sky
288,Bengkulu,ID,-3.8004,102.2655,76.39,90,100,5.01,overcast clouds
289,Bokoro,TD,12.3807,17.0568,84.74,43,16,5.84,few clouds
290,Camacha,PT,33.0833,-16.3333,65.62,88,0,5.75,clear sky
291,Kuvshinovo,RU,57.0295,34.1725,35.87,96,84,2.57,broken clouds
292,Pasni,PK,25.2631,63.471,76.98,78,0,5.77,clear sky
293,Sola,VU,-13.8833,167.55,80.2,79,100,16.31,heavy intensity rain
294,Salta,AR,-24.7859,-65.4117,77.59,46,40,10.36,scattered clouds
295,Jiaojiang,CN,28.6803,121.4428,70.0,71,87,5.17,overcast clouds
296,Borogontsy,RU,62.6683,131.1683,7.79,96,98,1.86,overcast clouds
297,Toora-Khem,RU,52.4675,96.11,30.52,86,99,1.83,overcast clouds
298,Myaundzha,RU,63.0494,147.1858,-1.59,84,93,2.59,overcast clouds
299,Krasnozerskoye,RU,53.9828,79.2374,49.26,52,100,12.62,overcast clouds
300,Saint-Pierre,RE,-21.3393,55.4781,69.91,73,0,5.75,clear sky
301,Alugan,PH,12.2188,125.4808,82.29,85,100,6.71,overcast clouds
302,Oussouye,SN,12.485,-16.5469,78.82,83,9,4.99,clear sky
303,Cap Malheureux,MU,-19.9842,57.6142,72.46,78,71,5.01,broken clouds
304,Wattegama,LK,6.7989,81.4808,73.56,92,100,0.6,overcast clouds
305,Kovdor,RU,67.5662,30.4758,29.79,61,100,8.48,overcast clouds
306,Ouesso,CG,1.6136,16.0517,70.0,98,99,1.45,overcast clouds
307,Yakeshi,CN,49.2833,120.7333,30.58,85,98,3.47,snow
308,Broome,US,42.2506,-75.833,49.59,61,4,1.01,clear sky
309,Sarrebourg,FR,48.7333,7.05,56.01,89,100,10.54,light rain
310,Omboue,GA,-1.5746,9.2618,76.26,88,74,5.66,broken clouds
311,Nisia Floresta,BR,-6.0911,-35.2086,76.78,79,50,11.39,scattered clouds
312,Grindavik,IS,63.8424,-22.4338,34.27,86,0,9.22,clear sky
313,General Roca,AR,-39.0333,-67.5833,52.63,55,96,7.47,overcast clouds
314,Sabang,ID,5.8933,95.3214,81.03,76,100,19.19,overcast clouds
315,Paulista,BR,-7.9408,-34.8731,77.2,79,11,10.78,few clouds
316,Pushkinskiye Gory,RU,57.0209,28.9103,41.52,84,100,3.91,overcast clouds
317,Boguchany,RU,58.3814,97.4531,34.75,90,100,4.07,overcast clouds
318,Luanda,AO,-8.8368,13.2343,75.11,84,100,11.27,overcast clouds
319,Chapais,CA,49.7834,-74.8492,42.66,71,100,15.75,overcast clouds
320,Gigmoto,PH,13.7796,124.39,83.7,77,99,3.24,overcast clouds
321,Bloemfontein,ZA,-29.1211,26.214,63.68,68,99,5.97,overcast clouds
322,Igrim,RU,63.1906,64.4162,31.71,73,36,12.15,scattered clouds
323,Setermoen,NO,68.861,18.3486,40.96,98,100,6.6,overcast clouds
324,Noshiro,JP,40.2039,140.0242,66.09,78,59,15.66,broken clouds
325,Kodiak,US,57.79,-152.4072,46.42,63,1,15.7,clear sky
326,Qarayeri,AZ,40.7886,46.3066,52.68,62,75,13.8,broken clouds
327,Robertsport,LR,6.7533,-11.3686,77.76,85,31,6.4,light rain
328,Half Moon Bay,US,37.4636,-122.4286,71.82,76,100,14.97,mist
329,Pitimbu,BR,-7.4706,-34.8086,77.23,80,13,13.09,few clouds
330,Northam,GB,51.0333,-4.2167,56.61,94,74,19.46,broken clouds
331,Casablanca,MA,33.5928,-7.6192,69.33,77,94,5.99,overcast clouds
332,Sept-Iles,CA,50.2001,-66.3821,45.05,76,47,5.01,scattered clouds
333,Margate,GB,51.3813,1.3862,63.9,81,94,8.01,overcast clouds
334,Vallenar,CL,-28.5708,-70.7581,64.92,53,0,3.65,clear sky
335,Murray Bridge,AU,-35.1167,139.2667,66.45,61,63,6.62,light rain
336,Kununurra,AU,-15.7667,128.7333,96.37,31,14,4.07,few clouds
337,Helmsdale,GB,58.1168,-3.6517,55.35,96,100,9.31,overcast clouds
338,Adeje,ES,28.1227,-16.726,72.16,55,0,4.61,clear sky
339,Porterville,US,36.0652,-119.0168,89.55,14,0,6.4,clear sky
340,Moerai,PF,-22.4333,-151.3333,73.85,85,5,18.41,clear sky
341,Binangonan,PH,14.4667,121.1833,85.06,81,100,5.57,overcast clouds
342,Sibolga,ID,1.7427,98.7792,75.4,91,100,3.13,overcast clouds
343,Meulaboh,ID,4.1363,96.1285,75.27,85,98,3.51,light rain
344,Tornio,FI,65.8481,24.1466,37.42,89,100,9.15,overcast clouds
345,Lima,PE,-12.0432,-77.0282,63.9,76,29,8.5,scattered clouds
346,Kushima,JP,31.4583,131.2333,72.81,68,93,5.57,overcast clouds
347,Rio Grande,BR,-32.035,-52.0986,58.84,94,79,6.93,broken clouds
348,Bathurst,AU,-33.4166,149.5806,65.97,81,77,1.01,broken clouds
349,Vadakku Valliyur,IN,8.3833,77.65,75.47,89,100,1.72,overcast clouds
350,Visby,SE,57.6409,18.296,50.05,87,100,6.91,overcast clouds
351,Havelock,US,34.8791,-76.9013,61.95,77,100,0.0,overcast clouds
352,Harper,LR,4.375,-7.7169,76.32,88,92,6.38,overcast clouds
353,Ejido,VE,8.5514,-71.2375,69.4,90,95,1.05,overcast clouds
354,Camana,PE,-16.6228,-72.7111,62.6,82,39,7.67,scattered clouds
355,Schwedt,DE,53.0596,14.2815,56.23,99,100,2.39,overcast clouds
356,Eureka,US,40.8021,-124.1637,67.68,82,87,3.0,overcast clouds
357,Dalbandin,PK,28.8947,64.4101,65.68,14,6,2.57,clear sky
358,Namwala,ZM,-15.7504,26.4384,71.58,45,3,3.91,clear sky
359,Longjiang,CN,47.3303,123.1836,38.53,71,58,4.38,broken clouds
360,San Cristobal,VE,7.7669,-72.225,68.58,96,99,1.81,overcast clouds
361,Ascension,US,30.2169,-90.9001,74.16,60,0,3.44,clear sky
362,Coruripe,BR,-10.1256,-36.1756,75.51,80,35,11.81,scattered clouds
363,Geraldton,AU,-28.7667,114.6,65.89,63,68,8.05,broken clouds
364,Nome,US,64.5011,-165.4064,36.16,98,96,13.42,light rain
365,Pangody,RU,65.85,74.4859,29.61,87,98,11.36,overcast clouds
366,Palana,RU,59.1167,159.9667,22.33,85,90,5.53,overcast clouds
367,Alofi,NU,-19.0595,-169.9187,78.22,74,97,6.85,overcast clouds
368,Egvekinot,RU,66.3167,-179.1667,26.13,95,100,3.83,light snow
369,Sann,PK,26.0418,68.1378,77.68,38,0,6.15,clear sky
370,Chesterton,US,41.6106,-87.0642,69.19,39,4,3.0,clear sky
371,Venado Tuerto,AR,-33.7456,-61.9688,70.77,38,75,18.66,broken clouds
372,Russell,US,32.3502,-85.1999,59.38,45,4,1.97,clear sky
373,Mapiripan,CO,2.8892,-72.1256,74.95,93,96,4.83,heavy intensity rain
374,Banepa,NP,27.6298,85.5214,55.72,88,20,2.3,few clouds
375,Waddan,LY,29.1614,16.139,65.21,74,12,7.4,few clouds
376,Emerald,AU,-23.5333,148.1667,77.34,61,0,4.56,clear sky
377,Nokaneng,BW,-19.6667,22.2667,78.85,24,84,4.63,broken clouds
378,Keelung,TW,25.1283,121.7419,80.11,94,100,12.19,overcast clouds
379,Orlik,RU,52.5178,99.825,22.98,87,58,4.03,broken clouds
380,Vysokogornyy,RU,50.1167,139.15,32.34,73,100,3.94,light snow
381,Anadyr,RU,64.75,177.4833,30.0,92,100,11.12,overcast clouds
382,Bireun,ID,5.203,96.7009,77.09,84,100,8.28,light rain
383,Kalanguy,RU,51.0167,116.5167,28.87,70,27,1.23,scattered clouds
384,Barcelos,PT,41.5388,-8.6151,62.85,92,30,11.03,light rain
385,Okakarara,NA,-20.5833,17.4333,74.97,39,93,6.08,overcast clouds
386,Cockburn Town,TC,21.4612,-71.1419,83.08,75,18,15.55,few clouds
387,Nedjo,ET,9.5046,35.5019,56.12,90,47,0.85,scattered clouds
388,Portland,US,45.5234,-122.6762,50.29,94,100,4.61,heavy intensity rain
389,Canatlan,MX,24.5167,-104.7833,66.63,45,6,8.03,clear sky
390,Tura,IN,25.5198,90.2201,66.85,81,0,5.12,clear sky
391,Chifeng,CN,42.2683,118.9636,39.52,71,4,1.41,clear sky
392,Dawlatabad,AF,36.4141,64.9053,65.28,14,97,1.9,overcast clouds
393,San Rafael Del Sur,NI,11.8485,-86.4384,77.23,89,47,0.36,scattered clouds
394,Arman,RU,59.7,150.1667,16.02,55,69,8.97,broken clouds
395,Nouadhibou,MR,20.931,-17.0347,72.73,73,22,19.8,few clouds
396,Weligama,LK,5.9667,80.4167,75.16,91,100,7.45,overcast clouds
397,Beringovskiy,RU,63.05,179.3167,34.14,80,92,4.14,overcast clouds
398,Borova,UA,50.1763,30.1043,36.34,63,97,6.73,overcast clouds
399,Santona,ES,43.4439,-3.4576,71.91,62,50,10.38,scattered clouds
400,Luwingu,ZM,-10.2621,29.9271,67.71,39,87,4.36,overcast clouds
401,Sorong,ID,-0.8833,131.25,81.46,80,100,1.74,overcast clouds
402,Troitskoye,RU,52.9821,84.6757,45.81,75,100,8.16,overcast clouds
403,Luderitz,NA,-26.6481,15.1594,59.61,79,1,18.86,clear sky
404,Saint-Denis,FR,48.9167,2.3333,60.96,83,0,11.5,clear sky
405,Saint-Paul,RE,-21.0096,55.2707,71.69,71,12,1.68,few clouds
406,Naryan-Mar,RU,67.6713,53.087,34.56,76,99,18.28,light snow
407,Baherden,TM,38.4362,57.4316,70.16,65,49,7.09,scattered clouds
408,Tres Picos,MX,15.8667,-93.5333,80.08,80,79,2.46,broken clouds
409,Bajil,YE,15.0584,43.2851,82.99,65,0,3.29,clear sky
410,Chicama,PE,-7.8447,-79.1469,57.74,78,86,6.78,overcast clouds
411,Guerrero Negro,MX,27.9769,-114.0611,74.86,61,12,12.39,few clouds
412,Vieques,PR,18.425,-65.8329,80.64,78,20,6.91,few clouds
413,Kavaratti,IN,10.5669,72.642,80.85,79,61,7.0,broken clouds
414,Borisoglebsk,RU,51.3671,42.0849,38.35,74,89,6.06,overcast clouds
415,Ulverstone,AU,-41.15,146.1667,63.21,99,100,2.3,light rain
416,Vila Velha,BR,-20.3297,-40.2925,74.95,86,75,10.0,broken clouds
417,Nhulunbuy,AU,-12.2333,136.7667,87.03,61,100,7.07,overcast clouds
418,Alekseyevsk,RU,57.8406,108.3492,27.01,88,95,3.27,overcast clouds
419,Coquimbo,CL,-29.9533,-71.3436,55.13,94,100,3.44,overcast clouds
420,Avera,US,33.194,-82.5271,53.11,36,43,2.01,scattered clouds
421,Ugoofaaru,MV,5.6667,73.0,80.24,82,92,13.94,overcast clouds
422,Hirara,JP,24.8,125.2833,80.85,86,98,7.67,overcast clouds
423,Ahipara,NZ,-35.1667,173.1667,62.98,59,72,11.18,broken clouds
424,Pinawa,CA,50.1489,-95.8811,46.78,54,97,3.85,overcast clouds
425,Moose Factory,CA,51.2585,-80.6094,46.74,89,100,11.32,overcast clouds
426,Padang,ID,-0.9492,100.3543,73.45,83,100,3.22,light rain
427,Hachinohe,JP,40.5,141.5,65.95,64,92,8.95,light rain
428,Rawson,AR,-43.3002,-65.1023,51.24,48,0,24.49,clear sky
429,Chibombo,ZM,-14.6569,28.0706,72.09,44,8,8.95,clear sky
430,Khasan,RU,42.4308,130.6434,54.09,54,51,20.94,broken clouds
431,Namatanai,PG,-3.6667,152.4333,85.14,67,60,6.42,light rain
432,Saint-Philippe,RE,-21.3585,55.7679,69.39,82,38,8.68,scattered clouds
433,Gimli,CA,50.6336,-96.9907,50.02,51,99,4.5,overcast clouds
434,Mao,ES,39.8885,4.2658,72.16,94,75,9.22,broken clouds
435,Misratah,LY,32.3754,15.0925,71.94,67,6,4.63,clear sky
436,Vestmanna,FO,62.1564,-7.1664,40.12,81,99,17.27,overcast clouds
437,Karakulino,RU,56.012,53.7067,28.31,81,32,7.38,scattered clouds
438,Yar-Sale,RU,66.8333,70.8333,30.2,95,100,6.42,overcast clouds
439,Hanna,CA,51.6334,-111.9018,44.94,42,87,5.61,overcast clouds
440,Henties Bay,NA,-22.116,14.2845,56.7,96,17,7.0,few clouds
441,Dolinsk,RU,47.35,142.8,46.42,84,92,1.81,overcast clouds
442,Constitucion,CL,-35.3333,-72.4167,52.2,77,1,13.0,clear sky
443,Aljezur,PT,37.3191,-8.8033,64.56,92,100,7.09,overcast clouds
444,Malakal,SS,9.5334,31.6605,70.7,92,65,3.76,broken clouds
445,Krasnyy Oktyabr,RU,56.1167,38.8833,37.31,90,92,2.08,overcast clouds
446,Knysna,ZA,-34.0363,23.0471,61.36,85,97,2.84,overcast clouds
447,La Ronge,CA,55.1001,-105.2842,40.73,56,94,7.94,overcast clouds
448,Pamekasan,ID,-7.1568,113.4746,81.52,75,100,2.46,light rain
449,Inirida,CO,3.8653,-67.9239,76.53,93,95,1.01,overcast clouds
450,Imbituba,BR,-28.24,-48.6703,65.26,95,64,3.36,broken clouds
451,Sao Jose Da Coroa Grande,BR,-8.8978,-35.1478,75.88,81,24,8.19,few clouds
452,Baiyin,CN,36.5583,104.2081,48.45,36,97,1.81,overcast clouds
453,Kisesa,TZ,-3.0833,34.15,69.35,38,85,4.63,overcast clouds
454,Payo,ID,-3.7508,103.6372,75.07,95,100,1.07,overcast clouds
455,Taber,CA,49.8167,-112.1518,39.27,91,100,2.68,overcast clouds
456,Mpika,ZM,-11.8343,31.4529,63.82,50,35,6.89,scattered clouds
457,Caborca,MX,30.5838,-111.101,82.58,40,82,10.67,broken clouds
458,Shepsi,RU,44.0361,39.1489,52.47,70,33,4.25,scattered clouds
459,Kendari,ID,-3.945,122.4989,81.03,84,83,2.01,broken clouds
460,Pulaski,US,34.7668,-92.3001,70.16,51,20,9.22,few clouds
461,Sosnovo-Ozerskoye,RU,52.5249,111.5418,23.14,89,84,3.96,broken clouds
462,Solnechnyy,RU,50.7214,136.6319,34.75,45,100,6.82,overcast clouds
463,Sinazongwe,ZM,-17.2614,27.4618,75.56,52,7,2.98,clear sky
464,Hauknes,NO,66.2833,14.0667,32.79,93,98,0.0,mist
465,Kruisfontein,ZA,-34.0033,24.7314,61.3,83,100,4.97,overcast clouds
466,Launceston,AU,-41.45,147.1667,67.64,77,100,0.0,overcast clouds
467,Kovvur,IN,17.0167,81.7333,71.42,89,0,5.28,clear sky
468,Sommerda,DE,51.15,11.1,59.92,91,100,2.95,overcast clouds
469,Kahului,US,20.8947,-156.47,93.22,59,20,14.97,few clouds
470,Wanning,CN,18.8003,110.3967,74.61,89,98,8.39,overcast clouds
471,Marrakesh,MA,31.6315,-8.0083,73.47,38,0,3.44,clear sky
472,Kirkwall,GB,58.9848,-2.9587,53.65,94,100,13.8,overcast clouds
473,Dubbo,AU,-32.25,148.6167,71.64,74,23,13.0,few clouds
474,Sterling,US,39.0062,-77.4286,56.44,58,0,6.91,clear sky
475,Opuwo,NA,-18.0607,13.84,75.18,31,75,3.58,broken clouds
476,Olafsvik,IS,64.8945,-23.7142,39.43,71,96,1.74,overcast clouds
477,Salalah,OM,17.0151,54.0924,75.29,73,20,4.61,few clouds
478,Baruun-Urt,MN,46.6806,113.2792,29.32,85,8,10.69,clear sky
479,Kurilsk,RU,45.2333,147.8833,56.52,73,64,14.23,broken clouds
480,Canico,PT,32.6333,-16.85,73.0,86,40,2.3,light rain
481,Hasaki,JP,35.7333,140.8333,73.22,64,100,17.96,overcast clouds
482,Ancud,CL,-41.8697,-73.8203,45.59,79,1,2.84,clear sky
483,Batsfjord,NO,70.6345,29.7185,33.73,93,100,23.02,overcast clouds
484,Los Llanos De Aridane,ES,28.6585,-17.9182,68.13,72,0,5.99,clear sky
485,Kholtoson,RU,50.2981,103.3097,27.18,71,23,4.12,few clouds
486,Usinsk,RU,65.9939,57.5281,31.37,98,100,14.09,light snow
487,Mitchell,US,43.7094,-98.0298,60.12,39,0,4.61,clear sky
488,Talcahuano,CL,-36.7167,-73.1167,55.08,71,0,10.36,clear sky
489,Liuhe,CN,42.2401,125.7172,43.81,80,86,5.32,overcast clouds
490,Zaysan,KZ,47.4667,84.8667,44.19,54,92,2.93,overcast clouds
491,Santiago,CL,-33.4569,-70.6483,71.55,41,49,3.13,scattered clouds
492,Daru,PG,-9.0763,143.2092,85.14,70,36,3.4,scattered clouds
493,Chitral,PK,35.8462,71.7858,56.82,27,1,5.57,clear sky
494,Segezha,RU,63.7415,34.3222,31.39,68,100,6.98,overcast clouds
495,Lazarev,RU,52.225,141.5131,35.56,54,4,13.44,clear sky
496,Lakes Entrance,AU,-37.8811,147.981,72.16,73,97,4.14,light rain
497,Staryy Nadym,RU,65.6118,72.6842,30.02,89,93,13.51,overcast clouds
498,Lyuban,BY,52.7985,28.0048,38.62,82,100,7.94,overcast clouds
499,Barra Patuca,HN,15.8,-84.2833,78.69,82,89,6.82,light rain
500,Port Hedland,AU,-20.3167,118.5667,82.45,57,0,13.8,clear sky
501,Ouadda,CF,8.0777,22.4007,68.22,96,100,2.66,light rain
502,Hangu,CN,39.2489,117.7892,53.64,34,1,7.7,clear sky
503,Anzio,IT,41.4853,12.6179,68.7,85,73,11.21,broken clouds
504,Lasa,IT,46.6166,10.7002,51.37,99,100,6.06,overcast clouds
505,Richards Bay,ZA,-28.783,32.0377,69.75,94,33,1.23,scattered clouds
506,Gat,IL,31.61,34.7642,70.39,100,27,3.87,scattered clouds
507,Alihe,CN,50.5667,123.7167,30.69,61,1,2.8,clear sky
508,Lafia,NG,8.4833,8.5167,74.46,90,63,2.82,broken clouds
509,Aksum,ET,14.1245,38.7244,59.58,47,51,5.32,broken clouds
510,Bend,US,44.0582,-121.3153,60.08,68,0,24.16,haze
511,Kenai,US,60.5544,-151.2583,46.49,62,0,3.44,clear sky
512,Jesup,US,31.6074,-81.8854,55.35,54,0,0.0,clear sky
513,Norrtalje,SE,59.758,18.705,49.01,90,100,4.21,overcast clouds
514,Abalak,RU,58.1286,68.5944,31.82,83,100,7.09,overcast clouds
515,Hobyo,SO,5.3505,48.5268,77.85,85,45,14.76,light rain
516,Nisporeni,MD,47.0814,28.1783,44.51,55,37,12.15,scattered clouds
517,Washougal,US,45.5826,-122.3534,50.32,95,100,6.91,moderate rain
518,Khandbari,NP,27.3747,87.2039,57.79,48,0,5.3,clear sky
519,Sorland,NO,67.667,12.6934,44.46,73,100,18.07,overcast clouds
520,San Ramon,US,37.7799,-121.978,73.26,63,0,12.66,clear sky
521,Zverinogolovskoye,RU,54.4586,64.8542,35.73,74,88,5.28,overcast clouds
522,Loa Janan,ID,-0.583,117.095,79.2,88,100,1.05,light rain
523,Key West,US,24.5557,-81.7826,78.8,66,75,12.66,broken clouds
524,Torquay,GB,50.4638,-3.5143,57.92,95,77,8.99,broken clouds
525,Conceicao Do Araguaia,BR,-8.2578,-49.2647,89.51,35,75,3.69,broken clouds
526,Pochutla,MX,15.7432,-96.4661,80.82,91,60,4.38,light rain
527,Mogadishu,SO,2.0371,45.3438,76.93,81,31,13.11,scattered clouds
528,Udayagiri,IN,20.1333,84.3833,61.34,72,0,4.74,clear sky
529,San Rafael,AR,-34.6177,-68.3301,49.66,65,97,17.76,overcast clouds
530,Te Anau,NZ,-45.4167,167.7167,57.61,60,15,4.07,few clouds
531,Yanam,IN,16.7333,82.2167,74.77,85,5,5.08,clear sky
532,Kunda,IN,25.7167,81.5167,69.57,64,0,1.74,clear sky
533,Pokrovsk,UA,48.282,37.1758,37.11,76,12,4.54,few clouds
534,Zhezkazgan,KZ,47.8043,67.7144,50.5,49,73,10.56,broken clouds
535,Cartagena,CO,10.3997,-75.5144,81.32,77,68,5.28,broken clouds
536,Banda Aceh,ID,5.5577,95.3222,79.63,77,100,11.7,moderate rain
537,Alice Springs,AU,-23.7,133.8833,88.21,40,2,8.05,clear sky
538,Acarau,BR,-2.8856,-40.12,78.6,79,70,19.71,broken clouds
539,Takapau,NZ,-40.0333,176.35,58.73,44,0,4.54,clear sky
540,Orikum,AL,40.3253,19.4714,65.48,69,34,1.92,scattered clouds
541,Bria,CF,6.5423,21.9863,68.99,97,100,3.04,overcast clouds
542,Providencia,MX,28.7167,-111.5833,92.21,51,46,9.55,scattered clouds
543,Svetlogorsk,BY,52.6333,29.7333,38.46,84,100,6.69,overcast clouds
544,Hun,LY,29.1268,15.9477,65.12,75,12,3.76,few clouds
545,Pascagoula,US,30.3658,-88.5561,66.42,77,3,7.07,clear sky
546,Kirkuk,IQ,35.4681,44.3922,71.2,54,100,13.62,overcast clouds
547,San Policarpo,PH,12.1791,125.5072,82.45,84,100,7.07,overcast clouds
548,Mersing,MY,2.4312,103.8405,78.37,86,69,2.17,broken clouds
549,Dombarovskiy,RU,50.7587,59.5386,49.3,89,100,11.79,light rain
550,Almaznyy,RU,48.0448,40.045,34.43,82,12,5.17,few clouds
551,Samarai,PG,-10.6167,150.6667,84.87,71,15,7.74,few clouds
552,Makushino,RU,55.2103,67.2442,34.32,78,60,6.62,broken clouds
553,Nizhniy Kuranakh,RU,58.8353,125.4869,24.39,96,100,3.33,light snow
554,Anchorage,US,61.2181,-149.9003,43.81,88,0,4.61,clear sky
555,Storsteinnes,NO,69.2408,19.2344,42.39,99,100,5.14,overcast clouds
556,Port Augusta,AU,-32.5,137.7667,70.34,64,96,6.49,overcast clouds
557,Verkhnyaya Inta,RU,65.9811,60.3094,28.17,90,100,10.36,overcast clouds
558,Kollegal,IN,12.15,77.1167,66.94,94,73,1.81,broken clouds
559,Abu Samrah,SY,35.3029,37.1841,65.77,62,58,4.03,broken clouds
560,Urucara,BR,-2.5364,-57.76,80.35,69,58,2.33,broken clouds
561,Miramar,US,25.9873,-80.2323,76.01,74,100,12.66,overcast clouds
562,Katherine,AU,-14.4667,132.2667,96.21,17,21,2.57,few clouds
563,Clyde River,CA,70.4692,-68.5914,26.83,93,100,9.22,light snow
564,Cabo San Lucas,MX,22.8909,-109.9124,87.62,79,79,11.32,broken clouds
565,Colborne,CA,44.0001,-77.8828,55.85,66,37,16.53,scattered clouds
566,Alta Floresta,BR,-9.8756,-56.0861,71.94,97,99,2.08,heavy intensity rain
567,Bolu,TR,40.6667,31.5833,39.06,61,0,3.13,clear sky
568,Mehamn,NO,71.0357,27.8492,35.55,87,100,16.11,light rain
569,Prince Rupert,CA,54.3161,-130.3201,47.98,79,83,7.09,light rain
570,Oksfjord,NO,70.2396,22.3479,42.98,95,100,11.27,overcast clouds
571,Young,UY,-32.6833,-57.6333,63.61,80,77,8.43,broken clouds
572,Carahue,CL,-38.7,-73.1667,43.52,85,0,3.69,clear sky
573,Faya,SA,18.3851,42.4509,57.72,57,0,2.55,clear sky
574,Baran,IN,25.1,76.5167,67.37,52,0,7.83,clear sky
575,Haifa,IL,32.8156,34.9892,70.29,86,16,6.11,few clouds
576,Athabasca,CA,54.7169,-113.2854,43.27,61,100,7.07,overcast clouds
577,Corowa,AU,-36.0333,146.3833,69.58,91,90,8.28,overcast clouds
578,San Patricio,US,28.017,-97.5169,77.18,56,0,13.53,clear sky
579,Bubaque,GW,11.2833,-15.8333,81.43,75,50,4.03,light rain
580,Zyryanka,RU,65.75,150.85,10.47,80,100,3.33,overcast clouds
581,Orumiyeh,IR,37.5527,45.0761,51.12,75,96,0.81,overcast clouds
582,Pedasi,PA,7.5333,-80.0333,78.06,86,100,7.54,moderate rain
583,Cidra,PR,18.1758,-66.1613,76.89,89,15,1.01,few clouds
584,Pekan,MY,3.4836,103.3996,77.59,90,71,3.62,broken clouds
585,Sumbe,AO,-11.2061,13.8437,74.32,90,46,8.72,light rain
586,Svetlaya,RU,46.5389,138.3297,48.0,83,82,8.95,broken clouds
587,Straumen,NO,63.8709,11.2999,32.0,76,11,1.72,few clouds
588,Rio Grande City,US,26.3798,-98.8203,80.87,37,0,8.81,clear sky
589,Isangel,VU,-19.55,169.2667,76.68,73,99,17.22,overcast clouds
590,Mecca,SA,21.4267,39.8261,80.33,59,0,2.73,clear sky
591,Plettenberg Bay,ZA,-34.0527,23.3716,60.82,85,94,1.88,overcast clouds
592,Port Moresby,PG,-9.4431,147.1797,84.83,65,17,7.67,few clouds
593,Srednekolymsk,RU,67.45,153.6833,13.91,95,100,10.6,light snow
594,Marau,BR,-28.4492,-52.2,57.4,97,26,3.0,scattered clouds
595,Yarensk,RU,62.1675,49.0916,31.59,81,98,9.31,overcast clouds
596,Mpulungu,ZM,-8.7623,31.1141,79.16,43,54,4.29,broken clouds
597,Port-Gentil,GA,-0.7193,8.7815,78.33,84,46,9.6,light rain
598,Sembakung,ID,3.8167,117.25,79.5,88,60,1.88,broken clouds
599,Korla,CN,41.7597,86.1469,46.87,38,0,4.12,clear sky
600,Port Hardy,CA,50.6996,-127.4199,48.38,93,75,2.3,light rain
601,Udaipur,IN,24.5712,73.6918,65.44,39,0,1.16,clear sky
602,Raymond,US,43.9015,-70.4703,52.29,77,0,4.56,clear sky
603,Anuppur,IN,23.1,81.6833,61.79,81,0,2.93,clear sky
604,Dourados,BR,-22.2211,-54.8056,67.1,77,23,6.04,few clouds
605,Santa Rosa,PH,14.3122,121.1114,85.01,79,99,6.8,overcast clouds
606,Gizo,SB,-8.103,156.8419,83.84,72,71,6.26,light rain
607,Morehead,US,37.2711,-87.1764,64.15,45,0,4.61,clear sky
608,Murgab,TM,37.4966,61.9714,69.01,20,100,7.81,overcast clouds
609,Cocorit,MX,27.5833,-109.9667,90.79,40,80,11.95,broken clouds
610,Vrbas,RS,45.5714,19.6408,56.3,44,99,4.88,overcast clouds
611,Nuuk,GL,64.1835,-51.7216,41.61,87,75,25.32,light snow
612,Lanxi,CN,29.2195,119.477,67.62,60,19,1.52,few clouds
613,Yorkton,CA,51.2167,-102.4677,46.13,48,100,6.87,overcast clouds
614,Makokou,GA,0.5738,12.8642,68.38,99,100,1.72,overcast clouds
615,Gurlan,UZ,41.8447,60.3919,64.47,32,100,9.62,overcast clouds
616,Ngozi,BI,-2.9075,29.8306,58.03,91,93,1.86,overcast clouds
617,Saint-Joseph,RE,-21.3667,55.6167,68.38,79,25,7.99,scattered clouds
618,Blackwater,AU,-23.5833,148.8833,77.0,62,3,5.68,clear sky
619,Waipawa,NZ,-41.4122,175.5153,52.81,55,0,4.56,clear sky
620,Sioux Lookout,CA,50.1001,-91.917,44.49,71,92,5.77,overcast clouds
621,Druzhba,UA,52.0428,33.9453,37.62,88,100,5.77,overcast clouds
622,Vao,NC,-22.6667,167.4833,71.98,64,100,22.1,overcast clouds
623,Peru,US,40.7537,-86.0689,66.69,42,0,12.66,clear sky
624,Tautira,PF,-17.7333,-149.15,77.65,79,50,16.62,light rain
625,Martil,MA,35.6166,-5.2752,68.68,71,99,4.23,overcast clouds
626,Chegdomyn,RU,51.1167,133.0167,33.21,52,100,1.81,overcast clouds
627,Goshen,US,41.5823,-85.8344,66.85,41,0,12.66,clear sky
628,Saint-Ambroise,CA,48.5501,-71.3324,44.58,74,85,6.46,overcast clouds
629,Washington,US,47.5001,-120.5015,54.0,49,86,5.35,overcast clouds
630,Husavik,IS,66.0449,-17.3389,28.35,85,94,8.48,overcast clouds
631,Santa Fe,AR,-31.6333,-60.7,76.01,67,0,5.08,clear sky
632,Atocha,BO,-20.9333,-66.2333,43.92,6,5,5.44,clear sky
633,Ust-Kuyga,RU,70.0167,135.6,-6.2,100,100,6.78,overcast clouds
634,Baishishan,CN,43.5833,127.5667,41.65,79,74,6.62,broken clouds
635,Salinopolis,BR,-0.6136,-47.3561,81.19,79,65,11.7,broken clouds
636,Utete,TZ,-7.986,38.758,68.88,90,69,1.3,broken clouds
637,Plastun,RU,44.7561,136.2939,53.6,68,38,9.84,scattered clouds
638,Shahr-E Kord,IR,32.3256,50.8644,50.2,45,0,4.43,clear sky
639,Liuzhou,CN,24.3126,109.3892,75.56,53,39,5.79,scattered clouds
640,Rohnert Park,US,38.3396,-122.7011,73.13,71,0,9.22,clear sky
641,Rundu,NA,-17.9333,19.7667,73.24,40,25,3.02,scattered clouds
642,Makakilo City,US,21.3469,-158.0858,85.75,63,0,8.05,clear sky
643,Varhaug,NO,58.6147,5.6457,48.15,74,100,10.58,overcast clouds
644,Honiara,SB,-9.4333,159.95,81.72,81,98,1.66,overcast clouds
645,Pindiga,NG,9.9833,10.9333,72.79,53,99,2.64,overcast clouds
646,Bonthe,SL,7.5264,-12.505,77.07,87,41,5.39,scattered clouds
647,Biak,ID,-0.9131,122.8766,82.36,70,77,1.57,broken clouds
648,Santa Luzia,BR,-19.7697,-43.8514,67.19,95,99,3.44,overcast clouds
649,Bouna,CI,9.2667,-3.0,75.16,66,6,4.45,clear sky
650,Plopii Slavitesti,RO,43.9667,24.6833,48.58,48,38,4.88,scattered clouds
651,Blacksburg,US,37.2296,-80.4139,50.16,70,0,4.61,clear sky
652,Antalaha,MG,-14.9003,50.2788,66.16,83,42,5.84,scattered clouds
653,Haines Junction,CA,60.7522,-137.5108,37.29,87,100,3.36,overcast clouds
654,Richmond,US,37.5538,-77.4603,53.65,73,0,6.91,clear sky
655,Virginia Beach,US,36.8529,-75.978,59.02,74,0,0.0,clear sky
656,Westport,US,41.1415,-73.3579,58.82,68,0,10.0,clear sky
657,Kralendijk,BQ,12.15,-68.2667,82.38,18,0,9.22,clear sky
658,Ayagoz,KZ,47.9714,80.4392,41.34,68,94,2.62,overcast clouds
659,Ngaoundere,CM,7.3167,13.5833,63.37,91,94,2.19,overcast clouds
660,Muisne,EC,0.6,-80.0333,73.94,84,100,10.18,overcast clouds
661,Tiznit,MA,29.5833,-9.5,77.47,24,3,8.28,clear sky
662,Kembaran,ID,-7.3834,110.0017,69.73,83,100,0.74,overcast clouds
663,Sambava,MG,-14.2667,50.1667,67.21,88,42,8.68,scattered clouds
664,Gariaband,IN,20.635,82.0614,60.49,83,0,1.32,clear sky
665,Puerto Escondido,MX,15.85,-97.0667,80.19,81,24,3.51,light rain
666,Saurimo,AO,-9.6608,20.3916,64.24,91,72,4.09,light rain
667,Farmington,US,36.7281,-108.2187,68.68,25,0,6.91,clear sky
668,Tambura,SS,5.6,27.4667,68.86,94,100,1.48,overcast clouds
669,Broken Hill,AU,-31.95,141.4333,71.58,57,31,5.86,light rain
670,San Fernando,PH,15.0286,120.6898,80.56,84,100,3.04,overcast clouds
671,Trinitapoli,IT,41.3572,16.0874,64.9,68,28,6.06,scattered clouds
672,Salinas,US,36.6777,-121.6555,66.49,74,100,10.36,overcast clouds
673,Fengcheng,CN,40.4536,124.0717,55.81,88,91,1.32,overcast clouds
674,Les Cayes,HT,18.2,-73.75,78.69,82,27,2.68,scattered clouds
675,Zarya,RU,55.7553,38.0958,41.18,86,100,3.49,overcast clouds
676,Burnie,AU,-41.0667,145.9167,62.94,98,100,3.94,light rain
677,North Battleford,CA,52.7834,-108.2847,45.41,44,79,6.24,broken clouds
678,Severomuysk,RU,56.1481,113.4267,4.71,85,10,1.63,clear sky
679,Umarkot,PK,25.3616,69.7362,78.58,24,0,7.54,clear sky
680,Gujan-Mestras,FR,44.6333,-1.0667,59.47,94,0,3.44,clear sky
681,Maputo,MZ,-25.9653,32.5892,71.53,87,1,3.0,clear sky
682,Kurtalan,TR,37.9272,41.7028,57.72,88,84,0.25,broken clouds
683,Benxi,CN,41.2886,123.765,48.52,79,99,3.4,overcast clouds
684,Sa Kaeo,TH,13.75,102.3333,74.59,91,76,4.12,broken clouds
685,Harwich,GB,51.9419,1.2844,61.36,85,82,10.0,broken clouds
686,Vila Franca Do Campo,PT,37.7167,-25.4333,66.61,79,100,19.82,light rain
687,Riohacha,CO,11.5444,-72.9072,80.1,84,21,8.28,few clouds
